{
  "paths": {
    "sourcePath": "./source/",
    "buildPath": "./build/",
    "documentPath": "docs/",
    "jsPath": "dist/",
    "tsPath": "ts/",
    "lessPath": "less/",
    "cssPath": "css/",
    "typingsPath": "tsd/",
    "templateLibPath": "lib/",
    "templateBehaviorTsdPath": "tsd/"
  },
  "clean": {
    "options": {
      "force": true
    }
  },
  "less": {
    "options": {
      "banner": "/**--** Ingenuity Gaming **--**/\n",
      "rootpath": "resource/",
      "ieCompat": false,
      "compress": false,
      "strictImports": true,
      "optimization": 1
    },
    "build": {
      "files": {
        "<%= cssPath %>loader.css": "<%= lessPath %>loader.less"
      },
      "options": {
        "compress": true,
        "cleancss": true,
        "optimization": 1
      }
    },
    "dev": {
      "src": "<%= lessPath %>loader.less",
      "dest": "<%= cssPath %>loader.css",
      "options": {
      }
    }
  },
  "ts": {
    "options": {
      "fast": "never",
      "alwaysStrict": true,
      "noUnusedLocals": true,
      "declaration": true,
      "pretty": true,
      "noImplicitAny": true,
      "removeComments": true,
      "sourceMap": false,
      "inlineSourceMap": true,
      "preserveConstEnums": true,
      "target": "ES5"
    },
    "default": {
      "tsconfig": false,
      "src": [
        "<%= tsPath %>**/*.ts",
        "!node_modules/**",
        "!<%= tsPath %>states/Loading.ts",
        "!<%= tsPath %>UI/Loader.ts"
      ],
      "out": "<%= buildPath %><%=name%>.js"
    }
  },
  "tsDoc": {
    "options": {
      "module": "commonjs",
      "target": "es5",
      "out": "<%= docsPath %>",
      "name": "Betsson Behavior",
      "readme": "readme.md",
      "hideGenerator": true
    },
    "src": [
      "<%= tsPath %>"
    ],
    "out": "<%= templateBehaviorTsdPath %><%=name%>.d.ts"
  },
  "tslint": {
    "options": {
      "configuration": "tslint.json",
      "force": true,
      "fix": true
    }
  },
  "replacePath": {
    "options": {
      "pattern": {
        "find": "/source/tsd/",
        "replace": "/"
      }
    },
    "files": [
      {
        "src": "<%= buildPath %><%=name%>.d.ts",
        "dest": "<%= buildPath %><%=name%>.d.ts"
      }
    ]
  },
  "copy": {
    "options": {},
    "tag": {
      "filesList": [
        {
          "expand": true,
          "cwd": "<%= jsPath %>",
          "src": "**/*.js",
          "dest": "../tags/<%= version %>/dist/",
          "flatten": true,
          "filter": "isFile"
        },
        {
          "expand": true,
          "cwd": "<%= jsPath %>",
          "src": "**/*.d.ts",
          "dest": "../tags/<%= version %>/tsd/",
          "flatten": true,
          "filter": "isFile"
        },
        {
          "expand": true,
          "cwd": "<%= docsPath %>",
          "src": "**/*",
          "dest": "../tags/<%= version %>/docs/",
          "flatten": false
        }
      ]
    }
  },
  "copyBehavior": {
    "options": {},
    "tag": {
      "filesList": [
        {
          "expand": true,
          "cwd": "<%= jsPath %>",
          "src": "<%=name%>.js",
          "dest": "<%= copyBuildPath %>/lib/",
          "flatten": true,
          "filter": "isFile"
        },
        {
          "expand": true,
          "cwd": "<%= jsPath %>",
          "src": "<%=name%>.d.ts",
          "dest": "<%= copyBuildPath %>/tsd/behavior/",
          "flatten": true,
          "filter": "isFile"
        }
      ]
    }
  },
  "uglify": {
    "options": {
      "compress": {
        "drop_console": true,
        "dead_code": true
      },
      "preserveComments": false,
      "quoteStyle": 1,
      "screwIE8": true,
      "sourceMap": false,
      "mangle": true,
      "mangleProperties": false,
      "unsafe": false,
      "conditionals": true,
      "comparisons": true,
      "evaluate": true,
      "booleans": true,
      "loops": true,
      "unused": true,
      "hoist_funs": true,
      "hoist_vars": false,
      "if_return": true,
      "join_vars": true,
      "cascade": true,
      "side_effects": true,
      "warnings": true,
      "reserveDOMCache": true
    },
		"dest": "<%= buildPath %><%= name %>.min.js"
	},
	"usebanner": {
		"dist": {
		  "options": {
			"position": "top",
			 "banner": "/** \n\tAruze Behaviour v<%= pkg.version %> \n\t\u00A9Ingenuity Gaming Pvt. Ltd.\n\tPublished: <%= now %> \n**/"
		  },
		  "files": {
			"src": [
			  "<%= buildPath %><%=name%>.js",
			  "<%= buildPath %><%=name%>.min.js",
			  "<%= buildPath %><%=name%>.d.ts"
			]
		  }
		}
	}
}