{
    "extends": "tslint:recommended",
    "rules": {
        "max-line-length": [false, 380],
        "new-parens": true,
        "no-reference": false,
        "no-namespace": false,
        "no-arg": true,
        "no-unused-expression": false,
        "member-ordering": [false],
        "object-literal-sort-keys": false,
        "no-conditional-assignment": true,
        "no-consecutive-blank-lines": [false],
        "one-variable-per-declaration": false,
        "no-console": [
            "debug",
            "dir",
            "time",
            "timeEnd",
            "trace"
        ],
        "interface-name": false,
        "only-arrow-functions": false,
        "trailing-comma": false,
        "eofline": false,
        "use-isnan": true,
        "space-before-function-paren": false,
        "max-classes-per-file": [true, 50],
        "array-type": false,
        "jsdoc-format": false,
        "prefer-const": false,
        "no-string-literal": false,
        "no-bitwise":false,
        "ban-types": false,
        "triple-equals": true,
		"quotemark": [
			true,
			"double",
			"avoid-escape",
			"avoid-template"
		],
        "object-literal-key-quotes": [
            true,
            "consistent-as-needed"
        ]
    }
}